{
  "targets": {
    "a_basecamp_target": {
      "title": "A sample Target",
      "type": "basecamp_target",
      "active": true,
      "target_url": "http://mytarget.com",
      "token": "123456",
      "project_id": "99999",
      "resource": "todo"
    },

    "an_email_target": {
      "title": "A sample email Target",
      "type": "email_target",
      "email": "foo@bar.com",
      "subject": "Hello, from this target!"
    }
  },

  "ticket_fields": {
    "support_description": {
      "type": "text",
      "title": "Support description"
    },

    "number_of_issues": {
      "type": "integer",
      "title": "Number of issues"
    }
  }
}
